{
  "budget_usd": 0.5,
  "total_spent": 0.28782899999999995,
  "breakdown": {
    "claude": 0.28782899999999995
  }
}