{
  "learned_patterns": {
    "seq_-3894551790279632841_3": 0.8320000000000001,
    "seq_-2261227059234093568_4": 0.4800000000000001,
    "seq_-788595841731959687_5": 0.4800000000000001,
    "seq_5705556064381234149_3": 0.4800000000000001,
    "seq_3161978552964156315_4": 0.4800000000000001,
    "causal_SCREENSHOT_CAPTURED_TASK_START_4": 0.4,
    "causal_SCREENSHOT_CAPTURED_TASK_START_3": 0.30000000000000004,
    "seq_4702818561428574640_6": 0.2,
    "seq_-8699718786551092341_7": 0.2,
    "seq_-8176542530964456738_5": 0.2,
    "seq_468584169966436656_6": 0.2
  }
}