{
  "budget_usd": 5.0,
  "total_spent": 0.09304799999999999,
  "breakdown": {
    "claude": 0.09304799999999999
  }
}