{
  "budget_usd": 0.5,
  "total_spent": 0.007547999999999999,
  "breakdown": {
    "claude": 0.007547999999999999
  }
}