{
  "budget_usd": 0.5,
  "total_spent": 0.5364469999999999,
  "breakdown": {
    "doubleword": 0.002102,
    "claude": 0.534345
  }
}