{
  "budget_usd": 0.5,
  "total_spent": 0.5049870000000001,
  "breakdown": {
    "claude": 0.502881,
    "doubleword": 0.002106
  }
}