{
  "budget_usd": 0.5,
  "total_spent": 0.48930599999999996,
  "breakdown": {
    "claude": 0.48930599999999996
  }
}