{
  "budget_usd": 0.5,
  "total_spent": 0.054821999999999996,
  "breakdown": {
    "claude": 0.054821999999999996
  }
}