{
  "budget_usd": 0.6,
  "total_spent": 0.19135799999999997,
  "breakdown": {
    "claude": 0.19135799999999997
  }
}