{
  "budget_usd": 0.5,
  "total_spent": 0.3793369999999999,
  "breakdown": {
    "claude": 0.37842599999999993,
    "doubleword": 0.000911
  }
}