{
  "budget_usd": 0.5,
  "total_spent": 0.21018900000000001,
  "breakdown": {
    "claude": 0.21018900000000001
  }
}