{
  "budget_usd": 0.5,
  "total_spent": 0.16598000000000002,
  "breakdown": {
    "doubleword": 0.014336,
    "claude": 0.151644
  }
}