{
  "budget_usd": 0.5,
  "total_spent": 0.12782700000000002,
  "breakdown": {
    "doubleword": 0.000441,
    "claude": 0.127386
  }
}