{
  "budget_usd": 0.5,
  "total_spent": 0.13203299999999998,
  "breakdown": {
    "claude": 0.13203299999999998
  }
}