{
  "budget_usd": 0.5,
  "total_spent": 0.024406999999999998,
  "breakdown": {
    "doubleword": 0.001238,
    "claude": 0.023169000000000002
  }
}