{
  "budget_usd": 0.5,
  "total_spent": 0.14094399999999996,
  "breakdown": {
    "doubleword": 0.002629,
    "claude": 0.13831499999999997
  }
}