{
  "budget_usd": 0.5,
  "total_spent": 0.500035,
  "breakdown": {
    "doubleword": 0.011821,
    "claude": 0.48821400000000004
  }
}