{
  "budget_usd": 0.3,
  "total_spent": 0.34999800000000003,
  "breakdown": {
    "claude": 0.34999800000000003
  }
}