{
  "budget_usd": 0.75,
  "total_spent": 0.30983099999999997,
  "breakdown": {
    "claude": 0.30983099999999997
  }
}