{
  "budget_usd": 0.5,
  "total_spent": 0.254629,
  "breakdown": {
    "claude": 0.25201799999999996,
    "doubleword": 0.002611
  }
}