{
  "budget_usd": 0.5,
  "total_spent": 0.015302999999999999,
  "breakdown": {
    "doubleword": 0.003153,
    "claude": 0.01215
  }
}