{
  "budget_usd": 0.5,
  "total_spent": 0.16511699999999999,
  "breakdown": {
    "claude": 0.16511699999999999
  }
}