{
  "budget_usd": 0.8,
  "total_spent": 0.42569700000000005,
  "breakdown": {
    "claude": 0.42569700000000005
  }
}