{
  "budget_usd": 0.8,
  "total_spent": 0.08933699999999999,
  "breakdown": {
    "claude": 0.08933699999999999
  }
}