{
  "budget_usd": 0.5,
  "total_spent": 0.07350899999999999,
  "breakdown": {
    "claude": 0.07350899999999999
  }
}