{
  "budget_usd": 0.5,
  "total_spent": 0.27640499999999996,
  "breakdown": {
    "claude": 0.27640499999999996
  }
}