{
  "budget_usd": 0.6,
  "total_spent": 0.34834499999999996,
  "breakdown": {
    "claude": 0.34834499999999996
  }
}