{
  "unix_pipe": {
    "min_ms": 0.00125,
    "max_ms": 0.006083,
    "mean_ms": 0.001389078,
    "median_ms": 0.001375,
    "p95_ms": 0.001458,
    "p99_ms": 0.001541,
    "samples": 1000
  },
  "asyncio_event": {
    "min_ms": 0.034292,
    "max_ms": 0.08575,
    "mean_ms": 0.03711331,
    "median_ms": 0.036417,
    "p95_ms": 0.041208,
    "p99_ms": 0.052917,
    "samples": 1000
  },
  "gcp_health": {
    "min_ms": 70.832291,
    "max_ms": 160.776166,
    "mean_ms": 88.96443735,
    "median_ms": 73.306583,
    "p95_ms": 160.776166,
    "p99_ms": 160.776166,
    "samples": 20
  }
}