{
  "budget_usd": 0.5,
  "total_spent": 0.08762400000000001,
  "breakdown": {
    "claude": 0.08762400000000001
  }
}